subd_id1	subd_id2	weight	color
375	270	0.383	Yellow
375	377	0.383	Yellow
270	377	0.391	Yellow
375	43	0.383	Yellow
270	43	0.414	Yellow
377	43	0.391	Yellow
43	94	0.557	Yellow
57	164	0.306	Gray40
94	522	0.531	Yellow
164	276	0.458	Lavender
57	276	0.315	Gray40
522	74	0.531	Yellow
57	74	0.572	Yellow
522	173	0.531	Yellow
74	173	0.604	Yellow
57	173	0.572	Yellow
43	476	0.371	Gray40
94	476	0.421	Gray40
74	476	0.403	Gray40
57	56	0.353	Gray40
74	208	0.318	Gray40
173	208	0.318	Gray40
208	446	0.477	Lavender
56	446	0.53	Lavender
276	446	0.472	Lavender
164	446	0.458	Lavender
276	359	0.424	Lavender
446	359	0.424	Lavender
359	291	0.283	Gray40
74	291	0.333	Gray40
291	331	0.266	Gray40
56	371	0.392	Lavender
291	156	0.5	Mulberry
74	156	0.403	Gray40
331	3	0.399	Lavender
276	3	0.472	Lavender
522	3	0.354	Gray40
359	3	0.424	Lavender
74	3	0.403	Gray40
56	3	0.53	Lavender
208	3	0.477	Lavender
164	3	0.458	Lavender
371	3	0.392	Lavender
446	3	0.636	Lavender
173	3	0.404	Gray40
446	356	0.407	Lavender
56	356	0.407	Lavender
371	356	0.392	Lavender
446	160	0.524	Lavender
3	160	0.524	Lavender
208	160	0.477	Lavender
331	160	0.399	Lavender
359	160	0.424	Lavender
356	306	0.407	Lavender
371	306	0.392	Lavender
56	306	0.443	Lavender
56	458	0.53	Lavender
356	458	0.407	Lavender
306	458	0.443	Lavender
371	458	0.392	Lavender
3	474	0.538	Lavender
208	137	0.477	Lavender
446	137	0.593	Lavender
3	137	0.593	Lavender
156	14	0.608	Mulberry
476	14	0.669	Mulberry
94	14	0.421	Gray40
56	188	0.451	Lavender
474	188	0.451	Lavender
446	295	0.504	Lavender
3	295	0.504	Lavender
208	295	0.477	Lavender
160	295	0.504	Lavender
137	295	0.504	Lavender
476	221	0.52	Mulberry
14	221	0.52	Mulberry
156	221	0.52	Mulberry
291	428	0.333	Gray40
356	428	0.407	Lavender
359	428	0.424	Lavender
56	428	0.53	Lavender
371	428	0.392	Lavender
3	428	0.645	Lavender
476	64	0.669	Mulberry
331	64	0.266	Gray40
14	64	0.78	Mulberry
156	64	0.608	Mulberry
221	64	0.52	Mulberry
276	430	0.472	Lavender
173	430	0.404	Gray40
160	430	0.524	Lavender
446	430	0.636	Lavender
56	430	0.53	Lavender
3	430	0.717	Lavender
356	430	0.407	Lavender
3	395	0.311	Lavender
428	395	0.311	Lavender
188	136	0.451	Lavender
137	136	0.559	Lavender
3	136	0.559	Lavender
3	159	0.456	Lavender
395	159	0.311	Lavender
291	159	0.304	Gray40
428	159	0.456	Lavender
136	370	0.523	Lavender
64	393	0.475	Mulberry
14	393	0.475	Mulberry
476	393	0.475	Mulberry
221	393	0.475	Mulberry
156	393	0.475	Mulberry
221	435	0.52	Mulberry
64	435	0.737	Mulberry
393	435	0.475	Mulberry
476	435	0.669	Mulberry
14	435	0.737	Mulberry
156	435	0.608	Mulberry
156	392	0.453	Mulberry
14	392	0.453	Mulberry
221	337	0.505	Mulberry
156	337	0.505	Mulberry
14	337	0.505	Mulberry
64	337	0.505	Mulberry
393	337	0.475	Mulberry
435	337	0.505	Mulberry
428	152	0.513	Lavender
159	152	0.456	Lavender
295	526	0.504	Lavender
295	433	0.504	Lavender
526	433	0.598	Lavender
159	288	0.456	Lavender
395	288	0.311	Lavender
428	288	0.562	Lavender
136	186	0.559	Lavender
370	186	0.523	Lavender
188	317	0.451	Lavender
136	317	0.529	Lavender
186	317	0.529	Lavender
370	317	0.523	Lavender
137	317	0.529	Lavender
3	317	0.529	Lavender
3	489	0.696	Lavender
428	489	0.645	Lavender
288	489	0.562	Lavender
186	489	0.688	Lavender
152	118	0.513	Lavender
159	118	0.456	Lavender
186	118	0.528	Lavender
288	118	0.528	Lavender
489	118	0.528	Lavender
428	118	0.528	Lavender
428	280	0.43	Lavender
159	280	0.43	Lavender
188	450	0.451	Lavender
370	450	0.523	Lavender
317	450	0.529	Lavender
3	450	0.795	Lavender
186	450	0.688	Lavender
474	450	0.538	Lavender
136	450	0.559	Lavender
186	5	0.688	Lavender
428	5	0.645	Lavender
152	5	0.513	Lavender
288	5	0.562	Lavender
136	5	0.559	Lavender
489	5	0.696	Lavender
280	5	0.43	Lavender
395	5	0.311	Lavender
118	5	0.528	Lavender
159	5	0.456	Lavender
280	481	0.43	Lavender
3	481	0.526	Lavender
458	481	0.526	Lavender
306	481	0.443	Lavender
5	299	0.613	Lavender
489	299	0.613	Lavender
186	299	0.613	Lavender
428	299	0.613	Lavender
118	299	0.528	Lavender
159	299	0.456	Lavender
317	193	0.529	Lavender
295	193	0.504	Lavender
160	193	0.524	Lavender
188	193	0.451	Lavender
3	193	0.635	Lavender
489	400	0.696	Lavender
288	400	0.562	Lavender
5	400	0.744	Lavender
118	121	0.528	Lavender
481	121	0.526	Lavender
428	121	0.587	Lavender
5	121	0.587	Lavender
400	121	0.587	Lavender
280	121	0.43	Lavender
3	398	0.462	Lavender
193	96	0.635	Lavender
398	96	0.462	Lavender
481	96	0.526	Lavender
433	96	0.761	Lavender
3	96	0.761	Lavender
295	96	0.504	Lavender
526	96	0.598	Lavender
137	96	0.593	Lavender
156	501	0.608	Mulberry
393	501	0.475	Mulberry
435	501	0.705	Mulberry
392	501	0.453	Mulberry
221	501	0.52	Mulberry
96	501	0.47	Gray40
64	501	0.705	Mulberry
14	501	0.705	Mulberry
392	351	0.453	Mulberry
435	351	0.542	Mulberry
501	351	0.542	Mulberry
221	351	0.52	Mulberry
393	351	0.475	Mulberry
64	351	0.542	Mulberry
14	351	0.542	Mulberry
5	308	0.637	Lavender
398	308	0.462	Lavender
3	455	0.859	Lavender
96	455	0.761	Lavender
398	455	0.462	Lavender
308	455	0.637	Lavender
193	455	0.635	Lavender
308	153	0.612	Lavender
398	153	0.462	Lavender
400	153	0.612	Lavender
455	153	0.612	Lavender
489	66	0.696	Lavender
455	66	0.741	Lavender
481	66	0.526	Lavender
121	66	0.587	Lavender
398	66	0.462	Lavender
5	484	0.625	Lavender
118	484	0.528	Lavender
455	484	0.625	Lavender
66	484	0.625	Lavender
299	484	0.613	Lavender
308	484	0.625	Lavender
66	330	0.44	Lavender
121	330	0.44	Lavender
280	330	0.43	Lavender
455	330	0.44	Lavender
481	330	0.44	Lavender
317	225	0.491	Lavender
455	225	0.491	Lavender
96	225	0.491	Lavender
193	225	0.491	Lavender
14	228	0.51	Mulberry
351	228	0.51	Mulberry
501	228	0.51	Mulberry
393	228	0.475	Mulberry
435	228	0.51	Mulberry
484	65	0.625	Lavender
299	65	0.613	Lavender
14	108	0.825	Mulberry
337	108	0.505	Mulberry
393	108	0.475	Mulberry
435	108	0.737	Mulberry
64	108	0.78	Mulberry
501	108	0.705	Mulberry
228	108	0.51	Mulberry
398	253	0.462	Lavender
455	253	0.507	Lavender
153	253	0.507	Lavender
308	253	0.507	Lavender
484	385	0.592	Lavender
65	385	0.592	Lavender
66	517	0.741	Lavender
65	517	0.756	Lavender
385	517	0.592	Lavender
5	517	0.796	Lavender
65	240	0.682	Lavender
450	240	0.682	Lavender
517	240	0.682	Lavender
385	240	0.592	Lavender
225	553	0.282	Lavender
96	553	0.282	Lavender
484	322	0.417	Gray40
240	46	0.682	Lavender
517	46	0.796	Lavender
65	46	0.756	Lavender
450	46	0.795	Lavender
66	175	0.652	Lavender
517	175	0.652	Lavender
481	175	0.526	Lavender
330	175	0.44	Lavender
193	409	0.423	Gray40
322	409	0.425	Gray40
225	409	0.327	Gray40
96	409	0.507	Gray40
330	223	0.44	Lavender
385	223	0.528	Lavender
65	223	0.528	Lavender
46	219	0.421	Gray40
517	219	0.421	Gray40
385	219	0.395	Gray40
46	232	0.528	Gray40
322	232	0.637	Mulberry
517	232	0.528	Gray40
65	232	0.504	Gray40
253	232	0.338	Gray40
108	125	0.848	Mulberry
46	176	0.572	Gray40
517	176	0.531	Gray40
108	176	0.848	Mulberry
232	176	0.792	Mulberry
322	353	0.489	Mulberry
409	353	0.326	Gray40
125	353	0.489	Mulberry
517	229	0.531	Gray40
232	229	0.792	Mulberry
46	229	0.59	Gray40
175	229	0.435	Gray40
176	229	0.858	Mulberry
225	111	0.327	Gray40
96	111	0.441	Gray40
232	483	0.792	Mulberry
455	483	0.573	Gray40
229	483	0.885	Mulberry
108	463	0.848	Mulberry
176	463	0.858	Mulberry
125	463	0.926	Mulberry
232	463	0.792	Mulberry
483	463	0.926	Mulberry
229	463	0.885	Mulberry
125	103	1.018	Mulberry
232	103	0.792	Mulberry
409	103	0.679	Gray40
322	103	0.637	Mulberry
176	103	0.858	Mulberry
463	103	0.926	Mulberry
353	103	0.489	Mulberry
409	92	0.864	SkyBlue
240	201	0.429	Gray40
111	201	0.643	SkyBlue
92	368	0.438	SkyBlue
103	70	0.489	Gray40
351	70	0.362	Gray40
92	70	0.733	SkyBlue
409	70	0.733	SkyBlue
463	376	0.731	Mulberry
108	376	0.731	Mulberry
103	376	0.731	Mulberry
125	376	0.731	Mulberry
353	376	0.489	Mulberry
553	98	0.188	Gray40
430	98	0.466	Gray40
501	256	0.387	Gray40
111	256	0.581	SkyBlue
70	256	0.581	SkyBlue
111	248	0.586	SkyBlue
70	248	0.586	SkyBlue
219	38	0.632	Mulberry
229	38	0.885	Mulberry
175	38	0.435	Gray40
176	38	0.858	Mulberry
232	38	0.792	Mulberry
46	38	0.669	Gray40
483	38	0.969	Mulberry
253	38	0.338	Gray40
517	38	0.531	Gray40
463	38	0.926	Mulberry
232	13	0.792	Mulberry
483	13	0.969	Mulberry
463	13	0.926	Mulberry
376	13	0.731	Mulberry
175	13	0.435	Gray40
46	13	0.669	Gray40
108	13	0.848	Mulberry
176	13	0.858	Mulberry
229	13	0.885	Mulberry
103	13	1.018	Mulberry
38	13	1.334	Mulberry
256	147	0.581	SkyBlue
111	147	0.636	SkyBlue
248	147	0.586	SkyBlue
368	382	0.438	SkyBlue
92	382	0.48	SkyBlue
409	382	0.48	SkyBlue
232	263	0.759	Mulberry
13	263	0.759	Mulberry
175	263	0.435	Gray40
38	263	0.759	Mulberry
70	187	0.621	SkyBlue
147	187	0.621	SkyBlue
256	187	0.581	SkyBlue
228	187	0.34	Gray40
70	497	0.552	SkyBlue
256	497	0.552	SkyBlue
147	497	0.552	SkyBlue
187	497	0.552	SkyBlue
248	497	0.552	SkyBlue
201	23	0.643	SkyBlue
38	23	0.614	Gray40
263	23	0.506	Gray40
13	23	0.614	Gray40
263	439	0.506	Gray40
175	439	0.435	Gray40
223	439	0.352	Gray40
38	439	0.627	Gray40
201	482	0.643	SkyBlue
23	482	0.662	SkyBlue
263	482	0.441	Gray40
23	102	0.853	SkyBlue
38	102	0.568	Gray40
263	102	0.506	Gray40
13	102	0.568	Gray40
23	518	0.443	SkyBlue
102	518	0.443	SkyBlue
38	518	0.295	Gray40
263	518	0.295	Gray40
13	518	0.295	Gray40
98	507	0.676	SkyBlue
102	521	0.593	SkyBlue
201	521	0.593	SkyBlue
23	521	0.593	SkyBlue
23	396	0.644	SkyBlue
482	396	0.644	SkyBlue
102	396	0.644	SkyBlue
521	396	0.593	SkyBlue
201	396	0.643	SkyBlue
248	296	0.543	SkyBlue
111	296	0.543	SkyBlue
507	296	0.543	SkyBlue
98	296	0.543	SkyBlue
102	465	0.732	SkyBlue
396	465	0.644	SkyBlue
256	465	0.581	SkyBlue
147	465	0.636	SkyBlue
482	465	0.662	SkyBlue
23	465	0.732	SkyBlue
482	406	0.662	SkyBlue
439	406	0.94	SkyBlue
23	406	0.921	SkyBlue
483	406	0.646	Gray40
201	406	0.643	SkyBlue
521	406	0.593	SkyBlue
263	406	0.506	Gray40
518	406	0.443	SkyBlue
102	406	0.853	SkyBlue
396	406	0.644	SkyBlue
187	86	0.621	SkyBlue
497	86	0.552	SkyBlue
70	86	0.633	SkyBlue
92	86	0.633	SkyBlue
98	86	0.633	SkyBlue
70	416	0.733	SkyBlue
38	416	0.622	Gray40
86	416	0.633	SkyBlue
263	416	0.506	Gray40
439	90	0.913	SkyBlue
518	90	0.443	SkyBlue
521	90	0.593	SkyBlue
416	90	0.913	SkyBlue
406	90	0.913	SkyBlue
23	90	0.913	SkyBlue
102	90	0.853	SkyBlue
201	90	0.643	SkyBlue
465	90	0.732	SkyBlue
396	90	0.644	SkyBlue
38	90	0.609	Gray40
482	90	0.662	SkyBlue
13	90	0.609	Gray40
86	128	0.633	SkyBlue
187	128	0.621	SkyBlue
416	128	0.658	SkyBlue
439	128	0.658	SkyBlue
70	128	0.658	SkyBlue
439	448	0.79	SkyBlue
70	448	0.733	SkyBlue
128	448	0.658	SkyBlue
38	448	0.527	Gray40
187	448	0.621	SkyBlue
86	448	0.633	SkyBlue
416	242	0.587	SkyBlue
497	242	0.552	SkyBlue
128	242	0.587	SkyBlue
86	242	0.587	SkyBlue
448	242	0.587	SkyBlue
187	242	0.587	SkyBlue
70	242	0.587	SkyBlue
507	459	0.676	SkyBlue
416	459	0.72	SkyBlue
242	459	0.587	SkyBlue
98	459	0.699	SkyBlue
187	459	0.621	SkyBlue
70	459	0.72	SkyBlue
128	459	0.658	SkyBlue
86	459	0.633	SkyBlue
98	346	0.699	SkyBlue
346	47	0.751	SkyBlue
465	47	0.732	SkyBlue
376	47	0.487	Gray40
416	47	0.751	SkyBlue
128	47	0.658	SkyBlue
242	47	0.587	SkyBlue
86	47	0.633	SkyBlue
147	168	0.598	SkyBlue
465	168	0.598	SkyBlue
90	168	0.598	SkyBlue
256	168	0.581	SkyBlue
98	34	0.698	SkyBlue
507	34	0.676	SkyBlue
296	34	0.543	SkyBlue
13	185	0.418	Gray40
90	185	0.418	Gray40
263	185	0.418	Gray40
38	185	0.418	Gray40
448	185	0.418	Gray40
98	344	0.6	SkyBlue
346	344	0.6	SkyBlue
185	179	0.627	Blue
108	179	0.565	Gray40
38	179	0.611	Gray40
13	179	0.611	Gray40
376	179	0.487	Gray40
406	249	0.518	SkyBlue
344	440	0.6	SkyBlue
98	440	0.699	SkyBlue
346	440	0.82	SkyBlue
98	60	0.699	SkyBlue
344	60	0.6	SkyBlue
346	60	0.797	SkyBlue
440	60	0.797	SkyBlue
168	436	0.598	SkyBlue
34	436	0.698	SkyBlue
256	436	0.581	SkyBlue
296	436	0.543	SkyBlue
406	216	0.521	SkyBlue
249	216	0.518	SkyBlue
459	216	0.521	SkyBlue
216	119	0.521	SkyBlue
86	119	0.633	SkyBlue
459	119	0.65	SkyBlue
249	119	0.518	SkyBlue
47	119	0.65	SkyBlue
416	119	0.65	SkyBlue
346	36	0.82	SkyBlue
187	36	0.621	SkyBlue
242	36	0.587	SkyBlue
128	36	0.658	SkyBlue
86	36	0.633	SkyBlue
448	36	0.79	SkyBlue
119	36	0.65	SkyBlue
38	260	0.507	Gray40
439	260	0.761	SkyBlue
90	260	0.761	SkyBlue
36	260	0.761	SkyBlue
344	155	0.56	SkyBlue
60	155	0.56	SkyBlue
440	155	0.56	SkyBlue
260	132	0.609	SkyBlue
439	132	0.609	SkyBlue
436	129	0.555	SkyBlue
155	52	0.56	SkyBlue
436	52	0.703	SkyBlue
129	52	0.555	SkyBlue
216	266	0.521	SkyBlue
119	266	0.57	SkyBlue
119	141	0.554	SkyBlue
216	141	0.521	SkyBlue
266	141	0.554	SkyBlue
38	310	0.48	Gray40
13	310	0.48	Gray40
459	437	0.72	SkyBlue
216	437	0.521	SkyBlue
34	437	0.698	SkyBlue
296	437	0.543	SkyBlue
459	316	0.42	SkyBlue
216	550	0.345	SkyBlue
266	550	0.345	SkyBlue
141	550	0.345	SkyBlue
119	550	0.345	SkyBlue
437	550	0.345	SkyBlue
47	417	0.751	SkyBlue
550	417	0.345	SkyBlue
382	417	0.48	SkyBlue
316	417	0.42	SkyBlue
216	417	0.521	SkyBlue
242	417	0.587	SkyBlue
141	417	0.554	SkyBlue
119	417	0.65	SkyBlue
266	417	0.57	SkyBlue
60	333	0.478	SkyBlue
440	333	0.478	SkyBlue
168	333	0.478	SkyBlue
333	177	0.478	SkyBlue
60	177	0.569	SkyBlue
440	177	0.569	SkyBlue
168	177	0.569	SkyBlue
60	332	0.452	SkyBlue
440	332	0.452	SkyBlue
155	332	0.452	SkyBlue
417	239	0.514	SkyBlue
437	239	0.514	SkyBlue
34	239	0.514	SkyBlue
436	239	0.514	SkyBlue
216	239	0.514	SkyBlue
332	277	0.301	Gray40
185	277	0.591	Blue
310	277	0.591	Blue
332	480	0.452	SkyBlue
155	480	0.56	SkyBlue
119	480	0.565	SkyBlue
344	480	0.565	SkyBlue
60	480	0.565	SkyBlue
440	480	0.565	SkyBlue
36	480	0.565	SkyBlue
310	88	0.719	Blue
179	88	0.917	Blue
13	88	0.632	Gray40
185	88	0.627	Blue
310	365	0.671	Blue
277	365	0.591	Blue
13	365	0.447	Gray40
88	273	0.381	Gray40
179	273	0.381	Gray40
36	273	0.572	SkyBlue
417	442	0.782	SkyBlue
550	442	0.345	SkyBlue
239	442	0.514	SkyBlue
141	442	0.554	SkyBlue
266	442	0.57	SkyBlue
216	442	0.521	SkyBlue
177	540	0.38	SkyBlue
333	540	0.38	SkyBlue
417	362	0.524	SkyBlue
436	362	0.524	SkyBlue
437	362	0.524	SkyBlue
273	189	0.572	SkyBlue
277	189	0.394	Gray40
260	189	0.596	SkyBlue
36	189	0.596	SkyBlue
417	358	0.4	SkyBlue
177	421	0.569	SkyBlue
540	421	0.38	SkyBlue
239	421	0.514	SkyBlue
333	421	0.478	SkyBlue
185	470	0.627	Blue
119	470	0.433	Gray40
189	470	0.397	Gray40
310	470	0.719	Blue
260	470	0.507	Gray40
310	199	0.719	Blue
470	199	0.744	Blue
36	199	0.496	Gray40
273	199	0.381	Gray40
239	335	0.404	SkyBlue
316	287	0.42	SkyBlue
335	287	0.404	SkyBlue
36	287	0.435	SkyBlue
189	287	0.435	SkyBlue
362	287	0.435	SkyBlue
310	269	0.463	Blue
36	269	0.309	Gray40
470	269	0.463	Blue
199	269	0.463	Blue
335	342	0.372	SkyBlue
362	342	0.372	SkyBlue
287	342	0.372	SkyBlue
442	413	0.521	Gray40
437	245	0.37	SkyBlue
342	245	0.37	SkyBlue
362	245	0.37	SkyBlue
287	245	0.37	SkyBlue
132	546	0.287	Gray40
413	158	0.627	Mahogany
413	363	0.437	Mahogany
158	363	0.437	Mahogany
413	338	0.582	Mahogany
363	338	0.437	Mahogany
158	338	0.582	Mahogany
413	157	0.701	Mahogany
158	157	0.627	Mahogany
338	157	0.582	Mahogany
363	157	0.437	Mahogany
338	61	0.582	Mahogany
157	61	0.686	Mahogany
413	61	0.686	Mahogany
363	61	0.437	Mahogany
158	61	0.627	Mahogany
529	364	0.36	Mahogany
61	364	0.394	Mahogany
287	427	0.435	SkyBlue
362	427	0.524	SkyBlue
342	427	0.372	SkyBlue
245	427	0.37	SkyBlue
335	427	0.404	SkyBlue
437	427	0.69	SkyBlue
413	166	0.508	Mahogany
363	166	0.437	Mahogany
61	166	0.508	Mahogany
157	166	0.508	Mahogany
338	166	0.508	Mahogany
158	166	0.508	Mahogany
427	374	0.365	Gray40
342	374	0.248	Gray40
245	374	0.247	Gray40
335	374	0.269	Gray40
442	374	0.365	Gray40
417	72	0.41	Gray40
364	72	0.394	Mahogany
338	149	0.509	Mahogany
61	149	0.509	Mahogany
413	149	0.509	Mahogany
157	149	0.509	Mahogany
166	149	0.508	Mahogany
363	149	0.437	Mahogany
413	426	0.663	Mahogany
158	426	0.627	Mahogany
157	426	0.663	Mahogany
363	426	0.437	Mahogany
338	426	0.582	Mahogany
166	426	0.508	Mahogany
358	426	0.267	Gray40
72	426	0.615	Mahogany
149	426	0.509	Mahogany
61	426	0.663	Mahogany
493	97	0.497	Mahogany
275	97	0.478	Mahogany
364	97	0.394	Mahogany
149	97	0.509	Mahogany
72	97	0.615	Mahogany
374	97	0.547	Mahogany
275	254	0.478	Mahogany
426	254	0.563	Mahogany
493	254	0.497	Mahogany
61	254	0.563	Mahogany
552	254	0.312	Mahogany
72	254	0.563	Mahogany
97	254	0.563	Mahogany
61	293	0.519	Mahogany
374	293	0.519	Mahogany
493	293	0.497	Mahogany
97	293	0.519	Mahogany
72	293	0.519	Mahogany
254	293	0.519	Mahogany
421	10	0.538	Gray40
470	10	0.817	Blue
546	10	0.43	Blue
480	10	0.376	Gray40
552	87	0.312	Mahogany
293	87	0.519	Mahogany
72	87	0.615	Mahogany
254	87	0.563	Mahogany
364	87	0.394	Mahogany
529	87	0.36	Mahogany
97	87	0.641	Mahogany
338	78	0.507	Mahogany
157	78	0.507	Mahogany
363	78	0.437	Mahogany
413	78	0.507	Mahogany
166	78	0.507	Mahogany
426	78	0.507	Mahogany
470	35	0.817	Blue
269	35	0.463	Blue
10	432	0.828	Blue
287	307	0.435	SkyBlue
287	305	0.435	SkyBlue
307	305	0.451	SkyBlue
166	468	0.508	Mahogany
426	468	0.658	Mahogany
307	227	0.519	SkyBlue
149	227	0.339	Gray40
427	227	0.596	SkyBlue
374	227	0.365	Gray40
260	161	0.484	Gray40
35	161	0.726	Blue
35	18	1.062	Blue
365	18	0.671	Blue
179	18	0.917	Blue
310	18	0.719	Blue
470	18	0.817	Blue
269	18	0.463	Blue
88	18	0.948	Blue
199	18	0.744	Blue
161	18	0.726	Blue
18	500	0.764	Blue
10	500	0.764	Blue
35	500	0.764	Blue
35	491	0.88	Blue
500	491	0.764	Blue
18	491	0.88	Blue
10	491	0.88	Blue
374	120	0.33	Gray40
427	120	0.496	SkyBlue
227	120	0.496	SkyBlue
10	538	0.444	Blue
18	538	0.444	Blue
432	538	0.444	Blue
35	538	0.444	Blue
426	508	0.393	Gray40
307	508	0.346	Gray40
72	508	0.393	Gray40
72	369	0.308	Gray40
508	369	0.462	OliveGreen
245	172	0.37	SkyBlue
120	172	0.496	SkyBlue
374	172	0.36	Gray40
427	172	0.54	SkyBlue
227	172	0.54	SkyBlue
172	429	0.36	Gray40
120	429	0.33	Gray40
227	429	0.397	Gray40
508	343	0.463	OliveGreen
72	343	0.309	Gray40
343	30	0.463	OliveGreen
72	30	0.41	Gray40
426	30	0.442	Gray40
369	30	0.462	OliveGreen
508	30	0.589	OliveGreen
120	520	0.292	Gray40
227	520	0.292	Gray40
426	206	0.295	Gray40
18	326	0.407	Blue
179	326	0.407	Blue
88	326	0.407	Blue
35	326	0.407	Blue
500	415	0.764	Blue
10	415	0.87	Blue
491	415	0.87	Blue
326	415	0.407	Blue
35	415	0.87	Blue
538	415	0.444	Blue
18	415	0.87	Blue
206	551	0.291	OliveGreen
30	551	0.291	OliveGreen
120	404	0.33	Gray40
87	404	0.487	Gray40
293	404	0.346	Gray40
369	404	0.462	OliveGreen
227	404	0.397	Gray40
97	404	0.427	Gray40
254	404	0.375	Gray40
343	113	0.463	OliveGreen
551	113	0.291	OliveGreen
520	113	0.438	OliveGreen
30	113	0.583	OliveGreen
227	113	0.389	Gray40
404	113	0.583	OliveGreen
206	113	0.443	OliveGreen
227	231	0.353	Gray40
404	231	0.529	OliveGreen
161	339	0.395	Blue
18	339	0.395	Blue
343	548	0.359	OliveGreen
78	548	0.239	Gray40
30	548	0.359	OliveGreen
227	315	0.329	Gray40
404	315	0.494	OliveGreen
120	315	0.329	Gray40
231	315	0.494	OliveGreen
305	315	0.301	Gray40
307	315	0.329	Gray40
429	315	0.494	OliveGreen
404	325	0.474	OliveGreen
231	325	0.474	OliveGreen
113	325	0.474	OliveGreen
206	325	0.443	OliveGreen
551	325	0.291	OliveGreen
520	325	0.438	OliveGreen
315	325	0.474	OliveGreen
520	545	0.346	OliveGreen
325	545	0.346	OliveGreen
113	545	0.346	OliveGreen
404	284	0.559	OliveGreen
315	284	0.494	OliveGreen
120	284	0.33	Gray40
172	284	0.36	Gray40
30	487	0.571	OliveGreen
206	487	0.443	OliveGreen
343	487	0.463	OliveGreen
520	357	0.435	OliveGreen
325	357	0.435	OliveGreen
113	357	0.435	OliveGreen
548	53	0.359	OliveGreen
78	53	0.338	Gray40
357	213	0.435	OliveGreen
325	213	0.474	OliveGreen
545	213	0.346	OliveGreen
404	213	0.586	OliveGreen
551	213	0.291	OliveGreen
343	213	0.463	OliveGreen
520	213	0.438	OliveGreen
315	213	0.494	OliveGreen
231	213	0.529	OliveGreen
113	213	0.583	OliveGreen
213	423	0.586	OliveGreen
206	423	0.443	OliveGreen
113	423	0.583	OliveGreen
343	423	0.463	OliveGreen
545	423	0.346	OliveGreen
548	423	0.359	OliveGreen
30	423	0.723	OliveGreen
357	423	0.435	OliveGreen
520	423	0.438	OliveGreen
325	423	0.474	OliveGreen
545	461	0.346	OliveGreen
423	461	0.597	OliveGreen
213	461	0.586	OliveGreen
343	461	0.463	OliveGreen
325	461	0.474	OliveGreen
30	461	0.597	OliveGreen
113	461	0.583	OliveGreen
357	461	0.435	OliveGreen
461	321	0.566	OliveGreen
468	321	0.377	Gray40
423	321	0.566	OliveGreen
113	524	0.473	OliveGreen
487	524	0.473	OliveGreen
461	524	0.473	OliveGreen
423	524	0.473	OliveGreen
30	524	0.473	OliveGreen
321	524	0.473	OliveGreen
357	524	0.435	OliveGreen
213	524	0.473	OliveGreen
325	419	0.474	OliveGreen
206	419	0.443	OliveGreen
30	419	0.723	OliveGreen
369	419	0.462	OliveGreen
231	419	0.529	OliveGreen
404	419	0.752	OliveGreen
161	195	0.519	Blue
339	195	0.395	Blue
284	196	0.55	OliveGreen
419	196	0.55	OliveGreen
404	196	0.55	OliveGreen
196	294	0.55	OliveGreen
419	294	0.589	OliveGreen
284	294	0.559	OliveGreen
404	294	0.589	OliveGreen
508	109	0.541	OliveGreen
305	109	0.301	Gray40
307	109	0.346	Gray40
213	544	0.441	OliveGreen
423	544	0.441	OliveGreen
18	514	0.576	Blue
10	514	0.576	Blue
294	514	0.384	Gray40
109	180	0.541	OliveGreen
544	180	0.441	OliveGreen
524	180	0.473	OliveGreen
548	180	0.359	OliveGreen
423	180	0.642	OliveGreen
461	180	0.597	OliveGreen
161	75	0.726	Blue
339	75	0.395	Blue
18	75	0.811	Blue
195	75	0.519	Blue
487	528	0.474	OliveGreen
109	217	0.541	OliveGreen
423	217	0.604	OliveGreen
528	217	0.474	OliveGreen
548	217	0.359	OliveGreen
487	217	0.571	OliveGreen
180	217	0.604	OliveGreen
196	345	0.522	OliveGreen
294	345	0.522	OliveGreen
423	345	0.522	OliveGreen
461	401	0.488	OliveGreen
524	401	0.473	OliveGreen
423	401	0.488	OliveGreen
544	401	0.441	OliveGreen
213	401	0.488	OliveGreen
180	401	0.488	OliveGreen
321	401	0.488	OliveGreen
357	401	0.435	OliveGreen
213	323	0.491	OliveGreen
53	323	0.491	OliveGreen
415	389	0.567	Blue
161	389	0.567	Blue
75	389	0.567	Blue
419	373	0.525	OliveGreen
284	373	0.525	OliveGreen
404	373	0.525	OliveGreen
294	373	0.525	OliveGreen
18	255	0.532	Blue
321	218	0.52	OliveGreen
345	218	0.52	OliveGreen
419	218	0.52	OliveGreen
524	218	0.473	OliveGreen
423	218	0.52	OliveGreen
461	218	0.52	OliveGreen
373	131	0.525	OliveGreen
323	131	0.491	OliveGreen
404	372	0.466	OliveGreen
345	372	0.466	OliveGreen
373	372	0.466	OliveGreen
294	372	0.466	OliveGreen
218	372	0.466	OliveGreen
514	361	0.384	Gray40
315	361	0.329	Gray40
373	21	0.525	OliveGreen
131	21	0.571	OliveGreen
315	21	0.494	OliveGreen
196	21	0.55	OliveGreen
372	21	0.466	OliveGreen
514	21	0.384	Gray40
284	21	0.559	OliveGreen
404	21	0.838	OliveGreen
345	21	0.522	OliveGreen
294	21	0.589	OliveGreen
514	456	0.384	Gray40
172	456	0.36	Gray40
131	454	0.571	OliveGreen
180	454	0.642	OliveGreen
323	454	0.491	OliveGreen
53	454	0.588	OliveGreen
213	454	0.586	OliveGreen
373	454	0.525	OliveGreen
18	115	0.761	Blue
255	115	0.532	Blue
75	115	0.761	Blue
514	163	0.384	Gray40
456	163	0.587	Emerald
361	163	0.587	Emerald
195	509	0.519	Blue
75	509	0.527	Blue
217	107	0.403	Gray40
456	107	0.486	Gray40
456	341	0.327	Gray40
107	341	0.49	BrickRed
107	503	0.608	BrickRed
341	503	0.49	BrickRed
401	503	0.325	Gray40
373	449	0.35	Gray40
419	449	0.477	Gray40
372	449	0.311	Gray40
163	449	0.587	Emerald
361	449	0.606	Emerald
21	449	0.477	Gray40
326	54	0.407	Blue
415	54	0.814	Blue
18	54	0.814	Blue
115	54	0.761	Blue
361	515	0.506	Emerald
449	515	0.506	Emerald
163	515	0.506	Emerald
255	257	0.532	Blue
115	257	0.572	Blue
456	49	0.471	Gray40
107	49	0.471	Gray40
163	49	0.391	Gray40
115	49	0.706	Blue
255	49	0.532	Blue
341	49	0.327	Gray40
514	49	0.576	Blue
257	49	0.572	Blue
361	49	0.404	Gray40
75	233	0.309	Gray40
146	233	0.463	Emerald
389	233	0.309	Gray40
54	233	0.309	Gray40
21	233	0.309	Gray40
18	37	0.729	Blue
115	37	0.729	Blue
54	37	0.729	Blue
326	37	0.407	Blue
509	117	0.351	Gray40
456	117	0.594	Emerald
49	117	0.396	Gray40
361	117	0.594	Emerald
163	117	0.587	Emerald
515	117	0.506	Emerald
449	117	0.594	Emerald
107	202	0.637	BrickRed
503	202	0.608	BrickRed
21	274	0.326	Gray40
361	274	0.489	Emerald
233	274	0.463	Emerald
515	274	0.489	Emerald
146	274	0.489	Emerald
454	340	0.535	OliveGreen
503	304	0.557	BrickRed
202	304	0.557	BrickRed
107	304	0.557	BrickRed
117	304	0.371	Gray40
218	264	0.52	OliveGreen
454	264	0.521	OliveGreen
340	264	0.521	OliveGreen
107	133	0.733	BrickRed
202	133	0.637	BrickRed
117	133	0.396	Gray40
304	133	0.557	BrickRed
503	133	0.608	BrickRed
264	133	0.348	Gray40
21	441	0.559	Gray40
54	441	0.543	Gray40
361	29	0.404	Gray40
449	29	0.477	Gray40
372	29	0.311	Gray40
163	29	0.391	Gray40
274	29	0.326	Gray40
515	29	0.337	Gray40
514	29	0.384	Gray40
233	29	0.309	Gray40
304	29	0.557	BrickRed
117	29	0.396	Gray40
21	29	0.559	Gray40
372	127	0.311	Gray40
146	127	0.541	Emerald
274	127	0.489	Emerald
218	127	0.347	Gray40
29	127	0.539	Gray40
233	127	0.463	Emerald
449	127	0.716	Emerald
264	127	0.348	Gray40
54	4	0.543	Gray40
37	4	0.486	Gray40
441	4	0.938	BrickRed
326	4	0.271	Gray40
233	4	0.309	Gray40
515	4	0.337	Gray40
389	4	0.378	Gray40
29	4	0.877	BrickRed
274	4	0.326	Gray40
449	4	0.477	Gray40
21	4	0.559	Gray40
115	4	0.507	Gray40
127	4	0.539	Gray40
340	116	0.356	Gray40
264	116	0.348	Gray40
454	116	0.451	Gray40
503	499	0.608	BrickRed
202	499	0.637	BrickRed
304	499	0.557	BrickRed
133	499	0.66	BrickRed
117	84	0.396	Gray40
449	84	0.468	Gray40
21	523	0.411	Gray40
4	523	0.616	BrickRed
127	523	0.411	Gray40
116	352	0.472	BrickRed
4	48	0.934	BrickRed
523	48	0.616	BrickRed
127	48	0.539	Gray40
233	48	0.309	Gray40
441	48	0.934	BrickRed
21	48	0.559	Gray40
84	554	0.272	BrickRed
84	443	0.702	BrickRed
116	20	0.676	BrickRed
523	20	0.616	BrickRed
133	20	0.733	BrickRed
304	20	0.557	BrickRed
4	20	0.861	BrickRed
29	20	0.861	BrickRed
48	20	0.861	BrickRed
54	402	0.543	Gray40
37	402	0.486	Gray40
115	402	0.507	Gray40
257	402	0.381	Gray40
554	55	0.272	BrickRed
84	55	0.702	BrickRed
443	55	0.757	BrickRed
20	55	0.772	BrickRed
116	55	0.676	BrickRed
29	55	0.772	BrickRed
117	55	0.396	Gray40
449	55	0.477	Gray40
127	320	0.341	Gray40
48	320	0.512	BrickRed
29	320	0.512	BrickRed
4	320	0.512	BrickRed
4	9	1.015	BrickRed
523	9	0.616	BrickRed
54	9	0.543	Gray40
20	9	0.861	BrickRed
48	9	0.934	BrickRed
264	9	0.348	Gray40
29	9	0.877	BrickRed
20	387	0.595	BrickRed
9	387	0.595	BrickRed
55	387	0.595	BrickRed
29	387	0.595	BrickRed
116	387	0.595	BrickRed
402	33	0.475	Gray40
109	33	0.361	Gray40
320	33	0.341	Gray40
509	33	0.351	Gray40
402	42	0.719	Peach
456	42	0.48	Gray40
49	42	0.471	Gray40
352	91	0.314	Gray40
9	91	0.419	Gray40
443	91	0.419	Gray40
55	91	0.419	Gray40
84	91	0.419	Gray40
499	135	0.44	Gray40
33	17	0.475	Gray40
84	190	0.463	Gray40
55	190	0.463	Gray40
554	190	0.182	Gray40
91	190	0.628	Red
116	190	0.451	Gray40
387	190	0.396	Gray40
443	190	0.463	Gray40
29	190	0.463	Gray40
9	1	0.677	Gray40
320	1	0.341	Gray40
54	1	0.543	Gray40
48	1	0.623	Gray40
441	1	0.626	Gray40
233	1	0.309	Gray40
127	1	0.539	Gray40
4	1	0.755	Gray40
523	1	0.411	Gray40
29	1	0.585	Gray40
33	1	0.712	Red
274	1	0.326	Gray40
20	1	0.574	Gray40
20	297	0.387	Gray40
9	297	0.387	Gray40
20	394	0.587	BrickRed
1	394	0.391	Gray40
387	394	0.587	BrickRed
9	394	0.587	BrickRed
320	424	0.512	BrickRed
297	424	0.387	Gray40
394	424	0.587	BrickRed
127	424	0.539	Gray40
9	424	0.917	BrickRed
20	424	0.861	BrickRed
1	424	0.611	Gray40
499	45	0.44	Gray40
135	45	0.667	Red
394	19	0.391	Gray40
48	19	0.623	Gray40
1	19	1.064	Red
9	19	0.677	Gray40
424	19	0.611	Gray40
20	19	0.574	Gray40
297	19	0.58	Red
190	303	0.49	Red
55	303	0.327	Gray40
45	262	0.643	Red
1	262	0.643	Red
33	262	0.643	Red
135	262	0.643	Red
20	349	0.527	Gray40
190	349	0.695	Red
262	82	0.643	Red
135	82	0.667	Red
135	490	0.536	Red
45	490	0.536	Red
42	83	0.421	Gray40
49	83	0.421	Gray40
45	50	0.717	Red
135	50	0.667	Red
490	50	0.536	Red
48	366	0.565	Gray40
37	460	0.486	Gray40
9	460	0.494	Gray40
48	460	0.494	Gray40
1	460	0.74	Red
45	530	0.493	Red
42	530	0.329	Gray40
262	530	0.493	Red
82	530	0.493	Red
83	530	0.493	Red
523	31	0.411	Gray40
424	31	0.542	Gray40
1	31	0.813	Red
262	31	0.643	Red
48	31	0.542	Gray40
4	31	0.542	Gray40
320	31	0.341	Gray40
1	506	0.56	Red
9	506	0.373	Gray40
303	506	0.49	Red
530	39	0.493	Red
82	39	0.72	Red
530	76	0.493	Red
50	76	0.769	Red
83	76	0.631	Red
190	76	0.695	Red
506	76	0.56	Red
387	76	0.396	Gray40
19	130	0.805	Red
1	130	0.805	Red
460	130	0.74	Red
424	130	0.537	Gray40
45	471	0.709	Red
1	471	0.709	Red
490	471	0.536	Red
50	471	0.709	Red
130	471	0.709	Red
490	534	0.536	Red
50	534	0.69	Red
76	534	0.69	Red
45	534	0.69	Red
17	311	0.666	Peach
402	311	0.666	Peach
42	311	0.666	Peach
490	311	0.357	Gray40
83	311	0.421	Gray40
262	238	0.643	Red
530	238	0.493	Red
39	238	0.72	Red
82	238	0.722	Red
190	24	0.695	Red
460	24	0.74	Red
394	16	0.391	Gray40
9	16	0.609	Gray40
303	16	0.49	Red
19	16	0.913	Red
460	16	0.74	Red
19	241	0.643	Red
387	22	0.396	Gray40
460	22	0.74	Red
9	22	0.508	Gray40
303	22	0.49	Red
506	22	0.56	Red
55	148	0.417	Gray40
39	148	0.625	Red
50	251	0.561	Red
76	251	0.561	Red
45	251	0.561	Red
534	251	0.561	Red
490	251	0.536	Red
471	251	0.561	Red
190	51	0.695	Red
76	51	0.769	Red
506	51	0.56	Red
303	51	0.49	Red
22	51	0.763	Red
241	300	0.609	Red
1	300	0.609	Red
349	32	0.791	Red
32	384	0.847	Red
349	384	0.791	Red
384	309	0.62	Red
349	309	0.62	Red
32	309	0.62	Red
471	8	0.709	Red
130	8	0.805	Red
1	8	0.944	Red
8	101	0.803	Red
424	101	0.536	Gray40
19	12	0.987	Red
130	12	0.805	Red
460	12	0.74	Red
471	12	0.709	Red
394	12	0.391	Gray40
8	12	0.944	Red
1	12	0.987	Red
31	204	0.593	Red
530	204	0.493	Red
424	204	0.396	Gray40
534	204	0.593	Red
45	204	0.593	Red
251	204	0.561	Red
76	204	0.593	Red
50	204	0.593	Red
241	205	0.601	Red
148	205	0.601	Red
297	205	0.58	Red
300	205	0.601	Red
19	205	0.601	Red
16	205	0.601	Red
16	422	0.913	Red
205	422	0.601	Red
148	422	0.625	Red
190	422	0.695	Red
55	422	0.515	Gray40
45	422	0.717	Red
490	422	0.536	Red
91	422	0.628	Red
12	422	0.987	Red
50	422	0.859	Red
460	549	0.31	Gray40
24	549	0.31	Gray40
127	81	0.539	Gray40
204	81	0.593	Red
320	81	0.341	Gray40
31	81	0.813	Red
424	81	0.576	Gray40
1	81	0.864	Red
12	512	0.614	Red
1	512	0.614	Red
512	399	0.543	Red
12	399	0.543	Red
471	399	0.543	Red
1	399	0.543	Red
130	399	0.543	Red
82	285	0.7	Red
16	285	0.7	Red
530	285	0.493	Red
262	285	0.643	Red
366	539	0.322	Gray40
506	77	0.56	Red
300	77	0.609	Red
205	77	0.601	Red
366	41	0.817	Red
539	41	0.322	Gray40
460	41	0.74	Red
8	525	0.459	Red
8	25	0.874	Red
101	25	0.803	Red
422	25	0.874	Red
16	319	0.812	Red
32	167	0.642	Red
309	167	0.62	Red
384	167	0.642	Red
76	405	0.769	Red
130	405	0.805	Red
101	405	0.803	Red
319	405	0.812	Red
251	405	0.561	Red
12	405	0.987	Red
399	405	0.543	Red
8	405	0.944	Red
42	405	0.48	Gray40
167	405	0.642	Red
422	258	0.621	Red
51	258	0.621	Red
77	258	0.621	Red
83	347	0.343	Gray40
39	347	0.343	Gray40
405	347	0.343	Gray40
530	347	0.329	Gray40
42	347	0.515	Peach
4	26	0.612	Gray40
9	26	0.612	Gray40
1	26	0.919	Red
33	26	0.712	Red
258	80	0.414	Gray40
422	80	0.542	Gray40
300	80	0.406	Gray40
77	80	0.532	Gray40
167	89	0.642	Red
405	89	0.755	Red
399	89	0.543	Red
12	89	0.755	Red
51	114	0.828	Red
89	114	0.755	Red
77	114	0.798	Red
258	114	0.621	Red
402	106	0.595	Peach
422	106	0.397	Gray40
101	504	0.411	Gray40
25	504	0.411	Gray40
258	479	0.621	Red
80	479	0.463	Gray40
77	479	0.695	Red
205	479	0.601	Red
114	479	0.695	Red
311	531	0.516	Peach
83	531	0.344	Gray40
405	139	0.722	Red
479	139	0.695	Red
504	139	0.411	Gray40
89	139	0.722	Red
506	139	0.56	Red
512	139	0.614	Red
51	139	0.722	Red
24	203	0.384	Gray40
80	2	0.542	Gray40
25	2	0.874	Red
205	2	0.601	Red
148	2	0.625	Red
300	2	0.609	Red
422	2	1.003	Red
101	2	0.803	Red
479	2	0.695	Red
114	2	0.828	Red
139	2	0.722	Red
347	2	0.343	Gray40
241	2	0.643	Red
16	2	0.913	Red
77	2	0.798	Red
258	2	0.621	Red
8	252	0.622	Red
12	252	0.622	Red
319	252	0.622	Red
405	252	0.622	Red
41	68	0.526	Gray40
549	68	0.465	Peach
366	68	0.526	Gray40
460	68	0.494	Gray40
24	68	0.526	Gray40
16	68	0.526	Gray40
539	68	0.483	Peach
203	192	0.548	Peach
204	192	0.365	Gray40
89	7	0.755	Red
504	7	0.411	Gray40
479	7	0.695	Red
534	7	0.69	Red
51	7	0.83	Red
139	7	0.722	Red
76	7	0.769	Red
512	7	0.614	Red
2	7	0.949	Red
405	7	0.949	Red
12	286	0.614	Red
471	286	0.614	Red
399	286	0.543	Red
512	286	0.614	Red
252	286	0.614	Red
8	286	0.614	Red
258	278	0.414	Gray40
238	278	0.442	Gray40
77	278	0.442	Gray40
2	59	0.695	Red
167	59	0.642	Red
405	59	0.695	Red
89	59	0.695	Red
205	59	0.601	Red
479	59	0.695	Red
114	59	0.695	Red
549	194	0.465	Peach
192	194	0.548	Peach
203	194	0.576	Peach
194	165	0.681	Peach
285	165	0.454	Gray40
504	165	0.617	Peach
203	165	0.576	Peach
286	184	0.614	Red
399	184	0.543	Red
12	184	0.734	Red
252	537	0.526	Red
405	537	0.526	Red
167	537	0.526	Red
59	537	0.526	Red
319	537	0.526	Red
114	537	0.526	Red
89	537	0.526	Red
311	197	0.575	Peach
422	85	0.597	Gray40
106	85	0.595	Peach
2	85	0.597	Gray40
460	210	0.463	Gray40
539	210	0.483	Peach
194	191	0.563	Peach
192	191	0.548	Peach
165	191	0.563	Peach
203	191	0.563	Peach
184	378	0.554	Red
12	378	0.554	Red
286	378	0.554	Red
2	140	0.368	Gray40
422	140	0.368	Gray40
114	28	0.552	Gray40
59	28	0.464	Gray40
378	28	0.369	Gray40
399	28	0.362	Gray40
184	28	0.489	Gray40
251	28	0.374	Gray40
286	28	0.409	Gray40
405	28	0.579	Gray40
422	473	0.405	Gray40
205	473	0.401	Gray40
531	473	0.516	Peach
2	473	0.405	Gray40
7	110	0.491	Gray40
41	110	0.491	Gray40
286	110	0.409	Gray40
22	110	0.491	Gray40
194	457	0.767	Peach
210	457	0.694	Peach
203	457	0.576	Peach
191	457	0.563	Peach
192	457	0.548	Peach
165	457	0.681	Peach
110	457	0.491	Gray40
378	200	0.554	Red
286	200	0.614	Red
184	200	0.653	Red
457	478	0.715	Peach
210	478	0.694	Peach
7	478	0.477	Gray40
252	478	0.415	Gray40
22	478	0.477	Gray40
110	478	0.477	Gray40
165	178	0.575	Peach
285	178	0.383	Gray40
203	162	0.576	Peach
194	162	0.582	Peach
192	162	0.548	Peach
457	162	0.582	Peach
191	162	0.563	Peach
28	224	0.408	Gray40
7	224	0.408	Gray40
285	224	0.408	Gray40
178	224	0.575	Peach
28	62	0.527	Gray40
224	62	0.612	Peach
210	62	0.694	Peach
178	62	0.575	Peach
457	62	0.783	Peach
165	62	0.681	Peach
59	452	0.464	Gray40
2	452	0.563	Gray40
184	452	0.489	Gray40
28	452	0.844	Dandelion
378	452	0.369	Gray40
224	452	0.408	Gray40
85	451	0.896	Peach
2	451	0.658	Gray40
148	451	0.417	Gray40
473	451	0.608	Peach
422	451	0.658	Gray40
80	451	0.813	Peach
224	243	0.529	Peach
178	243	0.529	Peach
28	243	0.353	Gray40
62	243	0.529	Peach
210	243	0.529	Peach
81	6	0.576	Gray40
4	6	0.755	Gray40
1	6	0.772	Gray40
33	6	0.475	Gray40
26	6	0.612	Gray40
31	6	0.542	Gray40
62	505	0.509	Peach
243	505	0.509	Peach
224	505	0.509	Peach
178	505	0.509	Peach
278	505	0.509	Peach
140	313	0.495	Peach
6	313	0.33	Gray40
505	313	0.495	Peach
7	313	0.33	Gray40
224	313	0.495	Peach
451	292	0.477	Peach
7	292	0.318	Gray40
473	292	0.477	Peach
313	292	0.477	Peach
110	44	0.737	Dandelion
478	44	0.477	Gray40
224	44	0.408	Gray40
452	44	0.809	Dandelion
28	44	0.809	Dandelion
59	44	0.464	Gray40
286	44	0.409	Gray40
139	466	0.481	Gray40
7	466	0.505	Gray40
405	466	0.505	Gray40
451	466	0.758	Peach
224	414	0.612	Peach
62	414	0.791	Peach
210	414	0.694	Peach
243	414	0.529	Peach
537	414	0.35	Gray40
466	414	0.758	Peach
457	414	0.783	Peach
505	414	0.509	Peach
178	414	0.575	Peach
347	73	0.515	Peach
178	73	0.575	Peach
278	73	0.663	Peach
505	73	0.509	Peach
6	510	0.397	Dandelion
478	510	0.264	Gray40
110	510	0.397	Dandelion
106	453	0.595	Peach
453	475	0.733	Peach
106	475	0.595	Peach
85	475	0.753	Peach
451	475	0.753	Peach
531	469	0.516	Peach
197	469	0.575	Peach
311	469	0.666	Peach
83	469	0.421	Gray40
347	469	0.515	Peach
475	272	0.512	Peach
469	272	0.512	Peach
473	272	0.512	Peach
451	272	0.512	Peach
81	445	0.576	Gray40
6	445	0.873	Dandelion
44	445	0.809	Dandelion
452	445	0.844	Dandelion
204	445	0.396	Gray40
313	485	0.33	Gray40
422	485	0.42	Gray40
445	485	0.631	Dandelion
452	485	0.631	Dandelion
44	485	0.631	Dandelion
2	485	0.42	Gray40
451	494	0.594	Peach
475	494	0.594	Peach
453	494	0.594	Peach
475	151	0.51	Peach
451	151	0.51	Peach
6	215	0.778	Dandelion
445	215	0.778	Dandelion
510	215	0.397	Dandelion
26	215	0.519	Gray40
313	215	0.33	Gray40
31	215	0.519	Gray40
475	301	0.407	Peach
151	301	0.407	Peach
451	301	0.407	Peach
473	236	0.527	Peach
272	236	0.512	Peach
451	236	0.527	Peach
469	236	0.527	Peach
469	397	0.582	Peach
451	397	0.582	Peach
475	397	0.582	Peach
236	397	0.527	Peach
478	226	0.458	Peach
110	226	0.305	Gray40
215	226	0.305	Gray40
510	226	0.264	Gray40
272	15	0.512	Peach
301	15	0.407	Peach
494	15	0.594	Peach
453	15	0.733	Peach
162	15	0.582	Peach
475	15	0.753	Peach
451	15	0.775	Peach
397	15	0.582	Peach
151	15	0.51	Peach
494	100	0.588	Peach
272	100	0.512	Peach
15	100	0.588	Peach
151	100	0.51	Peach
475	100	0.588	Peach
453	100	0.588	Peach
301	100	0.407	Peach
301	282	0.407	Peach
272	282	0.49	Peach
475	282	0.49	Peach
100	282	0.49	Peach
397	282	0.49	Peach
453	282	0.49	Peach
494	282	0.49	Peach
15	282	0.49	Peach
73	542	0.508	Peach
494	93	0.563	Peach
282	93	0.49	Peach
100	93	0.563	Peach
15	93	0.563	Peach
475	93	0.563	Peach
272	93	0.512	Peach
236	93	0.527	Peach
453	93	0.563	Peach
282	447	0.49	Peach
397	447	0.582	Peach
15	447	0.734	Peach
301	447	0.407	Peach
292	447	0.477	Peach
475	447	0.734	Peach
466	447	0.734	Peach
100	447	0.588	Peach
26	533	0.319	Gray40
215	533	0.479	Dandelion
33	533	0.319	Gray40
445	533	0.479	Dandelion
6	533	0.479	Dandelion
475	298	0.486	Peach
100	298	0.486	Peach
447	298	0.486	Peach
15	298	0.486	Peach
215	63	0.778	Dandelion
485	63	0.631	Dandelion
81	63	0.576	Gray40
445	63	0.871	Dandelion
44	63	0.809	Dandelion
6	63	0.871	Dandelion
73	350	0.349	Gray40
485	324	0.618	Dandelion
44	324	0.618	Dandelion
215	324	0.618	Dandelion
445	324	0.618	Dandelion
63	324	0.618	Dandelion
485	532	0.528	Dandelion
445	532	0.528	Dandelion
6	532	0.528	Dandelion
215	532	0.528	Dandelion
63	532	0.528	Dandelion
533	69	0.479	Dandelion
26	69	0.465	Gray40
215	69	0.698	Dandelion
6	69	0.698	Dandelion
445	69	0.698	Dandelion
532	69	0.528	Dandelion
68	144	0.437	Gray40
93	67	0.563	Peach
151	67	0.51	Peach
15	67	0.775	Peach
100	67	0.588	Peach
397	67	0.582	Peach
298	67	0.486	Peach
282	67	0.49	Peach
447	67	0.734	Peach
301	67	0.407	Peach
67	211	0.504	Peach
93	211	0.504	Peach
15	211	0.504	Peach
447	211	0.504	Peach
282	211	0.49	Peach
447	462	0.663	Peach
211	462	0.504	Peach
15	462	0.663	Peach
67	462	0.663	Peach
466	519	0.374	Gray40
414	519	0.374	Gray40
226	40	0.305	Gray40
6	40	0.711	Dandelion
324	40	0.618	Dandelion
215	40	0.711	Dandelion
144	40	0.656	Dandelion
69	40	0.698	Dandelion
211	138	0.504	Peach
67	138	0.519	Peach
93	138	0.519	Peach
462	138	0.519	Peach
447	138	0.519	Peach
15	138	0.519	Peach
138	547	0.381	Peach
67	547	0.381	Peach
447	547	0.381	Peach
211	547	0.381	Peach
462	547	0.381	Peach
6	412	0.771	Dandelion
40	412	0.711	Dandelion
350	412	0.523	Dandelion
226	412	0.305	Gray40
63	412	0.771	Dandelion
215	412	0.771	Dandelion
324	412	0.618	Dandelion
144	412	0.656	Dandelion
67	207	0.566	Peach
447	207	0.566	Peach
138	207	0.519	Peach
547	207	0.381	Peach
462	207	0.566	Peach
211	207	0.504	Peach
236	207	0.527	Peach
532	150	0.528	Dandelion
324	150	0.618	Dandelion
63	150	0.782	Dandelion
215	150	0.778	Dandelion
412	150	0.771	Dandelion
485	150	0.631	Dandelion
6	150	0.782	Dandelion
445	150	0.782	Dandelion
69	150	0.698	Dandelion
40	150	0.711	Dandelion
533	150	0.479	Dandelion
40	247	0.501	Dandelion
412	247	0.501	Dandelion
63	247	0.501	Dandelion
445	247	0.501	Dandelion
150	247	0.501	Dandelion
247	174	0.501	Dandelion
412	174	0.61	Dandelion
63	174	0.61	Dandelion
247	11	0.501	Dandelion
533	11	0.479	Dandelion
485	11	0.631	Dandelion
532	11	0.528	Dandelion
63	11	0.782	Dandelion
150	11	0.782	Dandelion
324	11	0.618	Dandelion
174	11	0.61	Dandelion
69	11	0.698	Dandelion
150	390	0.31	Gray40
11	390	0.31	Gray40
138	390	0.465	Peach
67	390	0.465	Peach
207	390	0.465	Peach
519	354	0.305	Gray40
469	104	0.578	Peach
519	104	0.374	Gray40
11	104	0.386	Gray40
150	104	0.386	Gray40
533	104	0.319	Gray40
412	143	0.54	Dandelion
40	143	0.54	Dandelion
144	143	0.54	Dandelion
412	302	0.416	Dandelion
143	302	0.416	Dandelion
40	302	0.416	Dandelion
533	367	0.279	Gray40
469	367	0.418	Peach
104	367	0.418	Peach
104	318	0.567	Peach
390	318	0.465	Peach
11	318	0.378	Gray40
247	318	0.334	Gray40
150	318	0.378	Gray40
143	477	0.519	Dandelion
69	477	0.519	Dandelion
144	477	0.519	Dandelion
40	477	0.519	Dandelion
247	154	0.334	Gray40
174	154	0.407	Gray40
207	154	0.566	Peach
412	154	0.429	Gray40
354	328	0.264	Gray40
318	328	0.264	Gray40
390	328	0.264	Gray40
519	328	0.396	Dandelion
328	355	0.264	Gray40
150	355	0.299	Gray40
390	355	0.448	Peach
318	355	0.448	Peach
11	355	0.299	Gray40
355	235	0.299	Gray40
318	235	0.329	Gray40
367	235	0.279	Gray40
150	235	0.493	Dandelion
355	425	0.448	Peach
328	425	0.264	Gray40
390	425	0.465	Peach
11	425	0.479	Gray40
318	425	0.567	Peach
235	425	0.329	Gray40
150	425	0.479	Gray40
390	71	0.465	Peach
425	71	0.513	Peach
11	71	0.342	Gray40
11	289	0.288	Gray40
71	289	0.432	Peach
318	289	0.432	Peach
150	289	0.288	Gray40
425	289	0.432	Peach
235	289	0.288	Gray40
412	464	0.375	Gray40
425	464	0.375	Gray40
235	464	0.329	Gray40
289	472	0.288	Gray40
425	472	0.408	Gray40
154	472	0.408	Gray40
11	472	0.408	Gray40
302	312	0.278	Gray40
367	312	0.279	Gray40
425	312	0.297	Gray40
235	312	0.297	Gray40
143	312	0.297	Gray40
71	312	0.297	Gray40
464	312	0.445	Yellow
312	336	0.386	Yellow
235	336	0.257	Gray40
71	336	0.257	Gray40
289	336	0.257	Gray40
425	336	0.257	Gray40
328	336	0.257	Gray40
312	408	0.445	Yellow
328	408	0.264	Gray40
464	408	0.562	Yellow
472	408	0.613	Yellow
336	408	0.386	Yellow
235	408	0.329	Gray40
336	386	0.371	Yellow
464	386	0.371	Yellow
425	386	0.247	Gray40
408	386	0.371	Yellow
312	386	0.371	Yellow
235	386	0.247	Gray40
154	329	0.372	Gray40
472	329	0.558	Yellow
312	329	0.445	Yellow
367	329	0.279	Gray40
386	329	0.371	Yellow
472	244	0.446	Yellow
329	244	0.446	Yellow
425	271	0.306	Gray40
408	271	0.459	Yellow
355	271	0.299	Gray40
336	271	0.386	Yellow
464	271	0.459	Yellow
312	327	0.408	Yellow
104	327	0.272	Gray40
328	327	0.264	Gray40
408	327	0.408	Yellow
336	327	0.386	Yellow
71	124	0.342	Gray40
154	124	0.419	Gray40
312	124	0.445	Yellow
244	124	0.446	Yellow
289	124	0.288	Gray40
329	124	0.558	Yellow
477	124	0.346	Gray40
472	124	0.613	Yellow
464	418	0.562	Yellow
124	418	0.629	Yellow
312	418	0.445	Yellow
289	418	0.288	Gray40
329	418	0.558	Yellow
386	418	0.371	Yellow
329	265	0.402	Yellow
124	265	0.402	Yellow
244	265	0.402	Yellow
418	265	0.402	Yellow
418	169	0.45	Yellow
169	496	0.45	Yellow
418	496	0.452	Yellow
496	444	0.452	Yellow
169	444	0.45	Yellow
418	444	0.649	Yellow
265	444	0.402	Yellow
418	290	0.518	Yellow
169	290	0.45	Yellow
496	290	0.452	Yellow
444	290	0.518	Yellow
444	134	0.478	Yellow
418	134	0.478	Yellow
290	134	0.478	Yellow
496	134	0.452	Yellow
418	234	0.371	Yellow
134	234	0.371	Yellow
290	234	0.371	Yellow
444	234	0.371	Yellow
496	234	0.371	Yellow
169	498	0.414	Yellow
498	222	0.276	Gray40
124	535	0.369	Yellow
329	535	0.369	Yellow
134	535	0.369	Yellow
222	380	0.447	Canary
380	279	0.495	Canary
142	495	0.796	Canary
234	283	0.371	Yellow
134	283	0.447	Yellow
467	420	0.855	Canary
268	420	0.544	Canary
222	420	0.447	Canary
279	420	0.568	Canary
498	420	0.276	Gray40
380	541	0.458	Canary
279	541	0.458	Canary
268	541	0.458	Canary
420	391	0.561	Canary
268	112	0.544	Canary
420	112	0.638	Canary
391	112	0.561	Canary
541	112	0.458	Canary
380	112	0.495	Canary
467	112	0.638	Canary
279	112	0.568	Canary
495	112	0.638	Canary
112	209	0.564	Canary
279	209	0.564	Canary
420	209	0.564	Canary
268	209	0.544	Canary
541	209	0.458	Canary
209	348	0.564	Canary
467	348	1.015	Canary
420	348	0.855	Canary
495	348	0.936	Canary
420	230	0.591	Canary
209	230	0.564	Canary
380	230	0.495	Canary
391	410	0.561	Canary
222	410	0.447	Canary
268	410	0.544	Canary
467	410	0.887	Canary
420	410	0.855	Canary
230	410	0.591	Canary
348	410	0.887	Canary
209	410	0.564	Canary
380	214	0.495	Canary
112	214	0.638	Canary
495	214	0.702	Canary
541	214	0.458	Canary
209	214	0.564	Canary
420	214	0.702	Canary
230	214	0.591	Canary
467	214	0.702	Canary
410	214	0.702	Canary
230	407	0.591	Canary
209	407	0.564	Canary
214	407	0.702	Canary
268	407	0.544	Canary
112	407	0.638	Canary
391	407	0.561	Canary
420	407	0.855	Canary
380	407	0.495	Canary
279	407	0.568	Canary
410	407	0.887	Canary
467	407	1.096	Canary
348	407	1.015	Canary
541	407	0.458	Canary
498	250	0.414	Yellow
391	250	0.36	Gray40
267	511	0.411	Yellow
250	511	0.411	Yellow
410	183	0.603	Canary
112	183	0.603	Canary
209	183	0.564	Canary
230	183	0.591	Canary
420	183	0.603	Canary
214	183	0.603	Canary
407	183	0.603	Canary
511	261	0.411	Yellow
283	261	0.447	Yellow
267	261	0.498	Yellow
283	181	0.447	Yellow
267	181	0.498	Yellow
511	181	0.411	Yellow
261	181	0.522	Yellow
407	170	0.857	Canary
420	170	0.855	Canary
410	170	0.857	Canary
391	170	0.561	Canary
410	488	0.617	Canary
407	488	0.617	Canary
170	488	0.617	Canary
267	492	0.498	Yellow
511	492	0.411	Yellow
261	492	0.54	Yellow
267	281	0.478	Yellow
492	281	0.478	Yellow
261	281	0.478	Yellow
407	502	0.656	Canary
410	502	0.656	Canary
170	502	0.656	Canary
420	502	0.656	Canary
488	502	0.617	Canary
444	212	0.649	Yellow
290	212	0.518	Yellow
327	27	0.408	Yellow
181	27	0.522	Yellow
170	27	0.423	Gray40
407	379	0.614	Canary
183	379	0.603	Canary
170	379	0.614	Canary
502	379	0.614	Canary
410	379	0.614	Canary
112	379	0.614	Canary
488	379	0.614	Canary
181	543	0.383	Yellow
267	543	0.383	Yellow
27	543	0.383	Yellow
283	403	0.447	Yellow
271	403	0.459	Yellow
444	403	0.649	Yellow
496	403	0.452	Yellow
234	403	0.371	Yellow
281	403	0.478	Yellow
250	403	0.54	Yellow
265	403	0.402	Yellow
261	403	0.54	Yellow
492	403	0.554	Yellow
327	403	0.408	Yellow
511	403	0.411	Yellow
134	403	0.478	Yellow
290	403	0.518	Yellow
124	403	0.629	Yellow
403	536	0.431	Yellow
124	536	0.431	Yellow
403	145	0.487	Yellow
283	145	0.447	Yellow
536	145	0.431	Yellow
181	145	0.487	Yellow
250	246	0.383	Yellow
403	246	0.383	Yellow
246	431	0.383	Yellow
250	431	0.54	Yellow
181	431	0.522	Yellow
281	431	0.478	Yellow
543	431	0.383	Yellow
511	431	0.411	Yellow
403	431	0.634	Yellow
267	431	0.498	Yellow
261	431	0.54	Yellow
492	431	0.554	Yellow
403	198	0.494	Yellow
431	198	0.494	Yellow
492	198	0.494	Yellow
250	198	0.494	Yellow
246	198	0.383	Yellow
246	516	0.383	Yellow
198	516	0.398	Yellow
250	516	0.398	Yellow
198	220	0.494	Yellow
246	220	0.383	Yellow
431	220	0.506	Yellow
516	220	0.398	Yellow
403	220	0.506	Yellow
283	220	0.447	Yellow
488	182	0.593	Canary
410	182	0.593	Canary
407	182	0.593	Canary
170	182	0.593	Canary
420	182	0.593	Canary
220	314	0.452	Yellow
261	314	0.452	Yellow
181	314	0.452	Yellow
403	314	0.452	Yellow
198	527	0.4	Yellow
403	527	0.4	Yellow
536	527	0.4	Yellow
220	527	0.4	Yellow
234	527	0.371	Yellow
281	383	0.385	Yellow
267	383	0.385	Yellow
431	383	0.385	Yellow
492	383	0.385	Yellow
261	383	0.385	Yellow
516	434	0.398	Yellow
527	434	0.4	Yellow
198	434	0.494	Yellow
220	434	0.506	Yellow
403	434	0.552	Yellow
516	438	0.398	Yellow
403	438	0.586	Yellow
246	438	0.383	Yellow
527	438	0.4	Yellow
198	438	0.494	Yellow
220	438	0.506	Yellow
434	438	0.552	Yellow
438	388	0.396	Yellow
543	388	0.383	Yellow
27	388	0.396	Yellow
434	388	0.396	Yellow
220	388	0.396	Yellow
283	126	0.447	Yellow
536	126	0.431	Yellow
403	126	0.507	Yellow
314	126	0.452	Yellow
145	126	0.487	Yellow
145	58	0.487	Yellow
314	58	0.452	Yellow
126	58	0.507	Yellow
403	58	0.535	Yellow
527	58	0.4	Yellow
536	58	0.431	Yellow
183	334	0.507	Canary
182	334	0.507	Canary
126	171	0.445	Yellow
536	171	0.431	Yellow
58	171	0.445	Yellow
403	171	0.445	Yellow
27	360	0.344	Yellow
403	360	0.344	Yellow
58	105	0.522	Yellow
126	105	0.507	Yellow
403	105	0.522	Yellow
388	237	0.396	Yellow
434	237	0.436	Yellow
438	237	0.436	Yellow
383	259	0.385	Yellow
431	259	0.442	Yellow
259	79	0.442	Yellow
360	79	0.344	Yellow
27	79	0.606	Yellow
535	99	0.369	Yellow
536	411	0.431	Yellow
360	411	0.344	Yellow
438	411	0.586	Yellow
259	411	0.442	Yellow
403	411	0.864	Yellow
388	411	0.396	Yellow
79	411	0.606	Yellow
237	411	0.436	Yellow
259	513	0.442	Yellow
79	513	0.457	Yellow
411	513	0.457	Yellow
438	513	0.457	Yellow
403	123	0.495	Yellow
126	123	0.495	Yellow
105	123	0.495	Yellow
126	486	0.507	Yellow
403	486	0.535	Yellow
171	486	0.445	Yellow
105	486	0.522	Yellow
527	486	0.4	Yellow
123	486	0.495	Yellow
58	486	0.535	Yellow
259	95	0.442	Yellow
411	95	0.537	Yellow
79	95	0.537	Yellow
360	95	0.344	Yellow
513	95	0.457	Yellow
237	95	0.436	Yellow
334	122	0.507	Canary
334	381	0.507	Canary
122	381	0.566	Canary
